subj_id,fields,sigma_rim,sigma_gt,acc_factor
25,s025ventl,0.964841715828276,1.25085519710335,12
25,s025ventr,NaN,NaN,12
25,s025thal,NaN,NaN,12
25,s025thar,NaN,NaN,12
25,s025strl,1.60251271214929,0.943179063835259,12
25,s025strr,1.88906274335436,1.63768500515561,12
25,s025gpl,1.44597120678014,1.48747134308076,12
25,s025gpr,2.19168327356736,1.69304744556829,12
