subj_id,fields,sigma_rim,sigma_gt,acc_factor
25,s025ventl,1.09581553324777,1.25085519710335,6
25,s025ventr,NaN,NaN,6
25,s025thal,NaN,NaN,6
25,s025thar,NaN,NaN,6
25,s025strl,1.15650308370674,0.943179063835259,6
25,s025strr,1.49390095636719,1.63768500515561,6
25,s025gpl,1.59220561833231,1.48747134308076,6
25,s025gpr,1.71558454891686,1.69304744556829,6
