subj_id,fields,sigma_rim,sigma_gt,acc_factor
64,s064gpl,1.63684827968332,1.68457379767046,3
64,s064gpr,1.73401586681615,1.75467044223626,3
