subj_id,fields,sigma_rim,sigma_gt,acc_factor
64,s064gpl,1.73674840137541,1.68457379767046,6
64,s064gpr,1.61160079750202,1.75467044223626,6
