subj_id,fields,sigma_rim,sigma_gt,acc_factor
64,s064gpl,1.54531175973864,1.68457379767046,12
64,s064gpr,1.62274539364496,1.75467044223626,12
