subj_id,fields,sigma_rim,sigma_gt,acc_factor
64,s064gpl,1.55287933106003,1.68457379767046,9
64,s064gpr,1.76003664570437,1.75467044223626,9
