subj_id,fields,sigma_rim,sigma_gt,acc_factor
105,s105gpl,1.50480636193849,1.48356160026712,12
105,s105gpr,1.64986332215806,1.49275733849167,12
