subj_id,fields,sigma_rim,sigma_gt,acc_factor
105,s105gpl,1.49496456538742,1.48356160026712,3
105,s105gpr,1.58842705030209,1.49275733849167,3
