subj_id,fields,sigma_rim,sigma_gt,acc_factor
105,s105gpl,1.52753949549495,1.48356160026712,6
105,s105gpr,1.68511854031543,1.49275733849167,6
