subj_id,fields,sigma,acc_factor
105,s105strl,1.25211704008574,0
105,s105strr,1.33234847117857,0
