subj_id,fields,sigma_rim,sigma_gt,acc_factor
105,s105gpl,1.64347461479752,1.48356160026712,9
105,s105gpr,1.71516061443232,1.49275733849167,9
